model,accuracy_cv,roc_auc_cv,avg_precision_cv
GaussianNB,0.4666666666666667,0.430876600284495,0.4594163899285108
BernoulliNB,0.4633333333333333,0.3979818634423898,0.439680517383742
LogisticRegression,0.43333333333333335,0.39953769559032715,0.46095505327049424
KNN,0.47333333333333333,0.4657716927453769,0.4739619932085686
