feature,perm_importance
Release_Timing_ms,0.029333333333333333
Gyroscope_Z_deg_s,0.019000000000000006
Accelerometer_X_m_s2,-0.01500000000000001
Accelerometer_Y_m_s2,-0.009888888888888888
Shot_Speed_m_s,-0.008666666666666675
Release_Angle_deg,-0.006111111111111123
Arc_Radius_m,0.005444444444444451
Shot_Type_encoded,-0.005333333333333327
Height_cm,-0.005000000000000019
Gyroscope_Y_deg_s,0.0028888888888888927
