feature,perm_importance
Accelerometer_X_m_s2,0.035222222222222266
Gyroscope_X_deg_s,0.030555555555555593
Height_cm,0.022000000000000037
Weight_kg,0.018222222222222258
Release_Angle_deg,0.018111111111111158
Shot_Speed_m_s,0.01677777777777781
Accelerometer_Z_m_s2,0.013222222222222257
Distance_from_Basket_m,0.00933333333333337
Shot_Angle_deg,0.006777777777777819
Gyroscope_Y_deg_s,0.005888888888888929
